archetype_code,n,match_rate,EI_rate,SN_rate,TF_rate,JP_rate
shadow-strategist,2263,0.14582412726469288,0.6610693769332744,0.5391073795846222,0.6637207247017234,0.5947856827220503
trickster-orbit,433,0.15242494226327943,0.6581986143187067,0.6235565819861432,0.6096997690531177,0.5704387990762124
oathbound-captain,314,0.1751592356687898,0.6305732484076433,0.5318471337579618,0.6528662420382165,0.5700636942675159
gentle-healer,203,0.12315270935960591,0.6650246305418719,0.5369458128078818,0.645320197044335,0.5467980295566502
icebound-observer,193,0.18652849740932642,0.6321243523316062,0.6062176165803109,0.616580310880829,0.5544041450777202
luminous-lead,189,0.1111111111111111,0.582010582010582,0.5132275132275133,0.6931216931216931,0.5555555555555556
chaos-spark,90,0.2222222222222222,0.6333333333333333,0.6777777777777778,0.6333333333333333,0.5444444444444444
moonlit-guardian,43,0.13953488372093023,0.6744186046511628,0.4883720930232558,0.5813953488372093,0.5116279069767442
