feedback_app_version,n,match_rate,EI_rate,SN_rate,TF_rate,JP_rate
0.3.0,3728,0.14994635193133046,0.6523605150214592,0.5531115879828327,0.6528969957081545,0.5810085836909872
